district_id,district_name,neighbourhood_id,neighbourhood_name,avg_unit_cadastral_value,avg_income_per_capita,avg_affordability_ratio,avg_pct_small_dwellings,total_dwellings,cluster,cluster_label,pca_1,pca_2
1,Ciutat Vella,1,el Raval,886.6757142857142,14221.142857142857,0.06298095238095239,55.56523809523809,23413,1,Critical,-0.5109907605445003,3.7558084085259864
1,Ciutat Vella,2,el Gòtic,1063.4333333333334,18668.11111111111,0.056944444444444436,33.50555555555556,10499,1,Critical,0.6922679385059949,2.281402471127163
1,Ciutat Vella,3,la Barceloneta,1222.3990909090908,17965.909090909092,0.06818181818181818,76.46545454545455,9221,1,Critical,0.16783307691814267,5.228737152191614
1,Ciutat Vella,4,"Sant Pere, Santa Caterina i la Ribera",1032.6446153846155,19655.153846153848,0.05317692307692308,45.51153846153846,14620,1,Critical,0.23870689733861586,2.217187379522501
2,Eixample,5,el Fort Pienc,1078.425,24163.2,0.04488,19.446,15518,2,High-Value,1.198340708132272,0.2461860484062929
2,Eixample,6,la Sagrada Família,1038.0173529411763,23512.617647058825,0.044323529411764706,25.83970588235294,27219,2,High-Value,0.8468365787538672,0.3955777875271337
2,Eixample,7,la Dreta de l'Eixample,1381.623448275862,29815.344827586207,0.04640344827586206,13.64448275862069,26941,2,High-Value,2.6120761236957177,0.2786328994963438
2,Eixample,8,l'Antiga Esquerra de l'Eixample,1285.6488461538463,28278.5,0.045719230769230776,15.425384615384615,24296,2,High-Value,2.1829705350070867,0.23613412270765652
2,Eixample,9,la Nova Esquerra de l'Eixample,1172.9360000000001,26255.95,0.0449025,17.7905,30230,2,High-Value,1.649615875521977,0.2001529598970667
2,Eixample,10,Sant Antoni,1052.1008333333334,23587.5,0.044833333333333336,21.555833333333336,20130,2,High-Value,1.0249839385374857,0.31207733026289197
3,Sants-Montjuïc,11,el Poble Sec,878.1658333333334,18346.0,0.04797916666666666,46.434583333333336,19249,1,Critical,-0.4394146071977451,1.5725261032395206
3,Sants-Montjuïc,12,la Marina del Prat Vermell,648.23,16015.0,0.0405,27.02,940,0,Affordable,-0.8856995803197545,-0.07765420990110464
3,Sants-Montjuïc,13,la Marina de Port,737.9205882352941,18088.29411764706,0.04088823529411765,18.444117647058825,13361,0,Affordable,-0.23607197160697022,-0.327258234084365
3,Sants-Montjuïc,14,la Font de la Guatlla,873.6471428571429,21888.571428571428,0.040057142857142854,25.412857142857145,5074,0,Affordable,0.19093089135222427,-0.18659224361778862
3,Sants-Montjuïc,15,Hostafrancs,873.833,21022.0,0.0418,36.844,8221,0,Affordable,-0.15123437669962428,0.44148342180603517
3,Sants-Montjuïc,16,la Bordeta,843.3630769230768,21269.615384615383,0.039823076923076926,21.576923076923077,8949,0,Affordable,0.16672946682417303,-0.35313326087199687
3,Sants-Montjuïc,17,Sants - Badal,833.94625,20366.375,0.04101875,33.99375,11915,0,Affordable,-0.2481307329145803,0.2402305428317526
3,Sants-Montjuïc,18,Sants,876.0644827586207,22917.44827586207,0.03837931034482758,33.751724137931035,21325,0,Affordable,-0.004648416594125594,-0.11460051403319463
4,Les Corts,19,les Corts,1247.3028571428572,29115.22857142857,0.042865714285714285,19.531142857142857,23328,2,High-Value,1.9579289855235276,-0.0006932718691888077
4,Les Corts,20,la Maternitat i Sant Ramon,1080.756,26100.0,0.041819999999999996,16.412,11782,2,High-Value,1.3612101896096223,-0.266920000347967
4,Les Corts,21,Pedralbes,1653.58,37844.71428571428,0.04522857142857143,11.518571428571429,6107,2,High-Value,3.9835376459381777,0.040770340835971274
5,Sarrià-Sant Gervasi,22,"Vallvidrera, el Tibidabo i les Planes",966.0166666666668,29594.666666666668,0.033133333333333334,34.57,3069,2,High-Value,0.6116478105567048,-0.8129599716414927
5,Sarrià-Sant Gervasi,23,Sarrià,1503.499375,35446.375,0.0431625,21.34625,12842,2,High-Value,3.0751065130585262,0.10587240355723211
5,Sarrià-Sant Gervasi,24,les Tres Torres,1590.799090909091,41344.181818181816,0.03897272727272728,10.938181818181818,7072,2,High-Value,3.969086908186693,-0.8451870392094735
5,Sarrià-Sant Gervasi,25,Sant Gervasi - la Bonanova,1413.4461111111111,36110.22222222222,0.03949444444444444,16.087777777777777,12766,2,High-Value,2.9587550766563533,-0.5862734876973762
5,Sarrià-Sant Gervasi,26,Sant Gervasi - Galvany,1407.845806451613,36283.1935483871,0.039067741935483874,12.62774193548387,25461,2,High-Value,3.04574001932267,-0.7661073365798635
5,Sarrià-Sant Gervasi,27,el Putget i Farró,1145.0584210526315,29461.42105263158,0.03908947368421053,25.69105263157895,16561,2,High-Value,1.4565003116935291,-0.30394636137024295
6,Gràcia,28,Vallcarca i els Penitents,1004.2563636363636,27250.909090909092,0.037190909090909094,28.020909090909093,9091,2,High-Value,0.8052761835030569,-0.4815407700997655
6,Gràcia,29,el Coll,767.508,21389.8,0.03604,37.977999999999994,4029,0,Affordable,-0.5918795589617387,-0.2727137875432289
6,Gràcia,30,la Salut,997.432,25761.2,0.03877,26.814999999999998,6958,2,High-Value,0.7404297679137977,-0.3049440073700937
6,Gràcia,31,Vila de Gràcia,1091.1261111111112,24766.36111111111,0.04425833333333333,37.892500000000005,31775,2,High-Value,0.7362801541689391,0.815006958259545
6,Gràcia,32,el Camp d'en Grassot i Gràcia Nova,1109.3468,25730.16,0.043224,25.3724,18691,2,High-Value,1.1847336992687867,0.2412835813285704
7,Horta-Guinardó,33,el Baix Guinardó,896.6636842105263,22595.21052631579,0.03982631578947369,28.698421052631577,12611,0,Affordable,0.20621362399998738,-0.1009045798424373
7,Horta-Guinardó,34,Can Baró,702.2128571428572,20985.571428571428,0.03367142857142857,37.32,4883,0,Affordable,-0.8407799561132083,-0.6060180513450616
7,Horta-Guinardó,35,el Guinardó,810.4152,21836.28,0.037208,35.0796,19014,0,Affordable,-0.3309260493393281,-0.22084602179921603
7,Horta-Guinardó,36,la Font d'en Fargues,823.2014285714286,26166.0,0.03184285714285714,37.14,5363,0,Affordable,-0.14584443909339537,-0.8800498938573079
7,Horta-Guinardó,37,el Carmel,545.5749999999999,16394.68181818182,0.03336818181818182,51.434999999999995,15546,0,Affordable,-2.0307777619058065,-0.1307606838388298
7,Horta-Guinardó,38,la Teixonera,592.55375,17841.25,0.0332125,47.6225,6010,0,Affordable,-1.6884371041224124,-0.2890721465886095
7,Horta-Guinardó,39,Sant Genís dels Agudells,587.5840000000001,18555.8,0.03176,18.822,3481,0,Affordable,-0.8668182424328409,-1.493256628299015
7,Horta-Guinardó,40,Montbau,595.4325,21025.0,0.028425,40.54,2562,0,Affordable,-1.354000320393739,-1.1786196558781064
7,Horta-Guinardó,41,la Vall d'Hebron,798.5625,23393.0,0.0341,29.6975,2657,0,Affordable,-0.17014349511879545,-0.8217498572768284
7,Horta-Guinardó,42,la Clota,732.78,20747.0,0.0353,43.51,416,0,Affordable,-0.9131025963139661,-0.17123089511741388
7,Horta-Guinardó,43,Horta,735.6195238095238,21461.238095238095,0.034542857142857146,36.91619047619048,13560,0,Affordable,-0.679236930470467,-0.5083495722817114
8,Nou Barris,44,Vilapicina i la Torre Llobeta,737.9115789473684,20252.157894736843,0.03660526315789474,29.442631578947367,12321,0,Affordable,-0.5011399314331704,-0.4970571315158918
8,Nou Barris,45,Porta,709.6933333333333,18258.88888888889,0.03911111111111111,39.06611111111111,11523,0,Affordable,-0.9325356193298171,0.1667421712049063
8,Nou Barris,46,el Turó de la Peira,614.274,15725.4,0.03935,40.730000000000004,7058,0,Affordable,-1.4188382078200603,0.2546865622206648
8,Nou Barris,47,Can Peguera,645.175,14582.0,0.0438,80.26,1047,1,Critical,-2.4179630082184875,2.2144254451345304
8,Nou Barris,48,la Guineueta,689.9863636363636,20288.727272727272,0.03396363636363636,19.183636363636364,6801,0,Affordable,-0.4081452087539174,-1.1994263600008481
8,Nou Barris,49,Canyelles,601.47,19592.6,0.0309,1.274,2920,0,Affordable,-0.27102970542361154,-2.2284336012951558
8,Nou Barris,50,les Roquetes,491.98,14022.6,0.03518,56.053999999999995,7103,0,Affordable,-2.436958088678739,0.26885968742876404
8,Nou Barris,51,Verdun,622.46375,15138.625,0.0412,57.18625,5947,0,Affordable,-1.8555256146604728,1.0699506891718529
8,Nou Barris,52,la Prosperitat,659.4225,16938.25,0.039015,51.5415,12214,0,Affordable,-1.5252275896601706,0.5946426218970418
8,Nou Barris,53,la Trinitat Nova,478.954,13792.8,0.03468,46.44199999999999,3467,0,Affordable,-2.2328783953413556,-0.13013717100595049
8,Nou Barris,54,Torre Baró,389.03,12819.0,0.0303,50.15,1703,0,Affordable,-2.7897201848743203,-0.5458371447743612
8,Nou Barris,55,Ciutat Meridiana,393.48,11796.5,0.03345,69.20333333333333,3957,0,Affordable,-3.30098291081512,0.5210976754597839
8,Nou Barris,56,Vallbona,382.99,13420.0,0.0285,43.01,844,0,Affordable,-2.6097903221819374,-1.0266414631379956
9,Sant Andreu,57,la Trinitat Vella,478.37,13545.6,0.03576,53.242,4198,0,Affordable,-2.4101929924105576,0.24082829365390354
9,Sant Andreu,58,Baró de Viver,399.95000000000005,13678.5,0.0293,17.735,1112,0,Affordable,-1.800513311724007,-1.8172819044930295
9,Sant Andreu,59,el Bon Pastor,634.8185714285713,16794.85714285714,0.037442857142857146,36.82714285714286,5504,0,Affordable,-1.233122765328487,-0.11886412881707113
9,Sant Andreu,60,Sant Andreu,846.3194871794872,22392.76923076923,0.03793333333333333,30.97717948717949,29415,0,Affordable,-0.0567531888042877,-0.2706408743171465
9,Sant Andreu,61,la Sagrera,846.899,20804.5,0.040850000000000004,24.1115,13681,0,Affordable,0.09610294860474305,-0.12958592135726163
9,Sant Andreu,62,el Congrés i els Indians,782.1466666666666,20847.666666666668,0.03754444444444444,27.15888888888889,7079,0,Affordable,-0.24905694832936373,-0.4532830122951375
9,Sant Andreu,63,Navas,820.01,21373.23076923077,0.03843076923076923,18.933846153846154,10388,0,Affordable,0.14946936617029974,-0.6270896644583894
10,Sant Martí,64,Camp de l'Arpa del Clot,869.7236,22370.32,0.039043999999999995,32.6524,20130,0,Affordable,-0.014721124687474408,-0.06562663955042015
10,Sant Martí,65,el Clot,888.6764705882352,22035.529411764706,0.04048823529411765,24.536470588235293,12542,0,Affordable,0.2783120696814798,-0.16073289790773146
10,Sant Martí,66,el Parc i la Llacuna del Poblenou,944.4722222222222,23582.88888888889,0.04001111111111111,18.732222222222223,7722,2,High-Value,0.6934626347832817,-0.4230443091176277
10,Sant Martí,67,la Vila Olímpica del Poblenou,1317.296,32087.6,0.041639999999999996,21.131999999999998,4690,2,High-Value,2.3027658493213603,-0.11815547506162498
10,Sant Martí,68,el Poblenou,1004.9459999999999,23771.45,0.04213,31.877999999999997,17052,2,High-Value,0.5470474473228497,0.322672294732204
10,Sant Martí,69,Diagonal Mar i el Front Marítim del Poblenou,1260.705714285714,25314.571428571428,0.048928571428571425,14.980000000000002,6330,2,High-Value,1.9769574181618144,0.6561422587578978
10,Sant Martí,70,el Besòs i el Maresme,544.2061538461538,15073.384615384615,0.036884615384615384,37.934615384615384,9868,0,Affordable,-1.6448866527722394,-0.1616934157007591
10,Sant Martí,71,Provençals del Poblenou,832.945,20598.75,0.040758333333333334,16.24083333333333,9391,0,Affordable,0.26662009428720784,-0.42114049311965024
10,Sant Martí,72,Sant Martí de Provençals,686.8305555555556,19695.777777777777,0.03515,14.774444444444445,11717,0,Affordable,-0.3020859949876916,-1.202668612775448
10,Sant Martí,73,la Verneda i la Pau,605.3838095238095,18176.619047619046,0.03322857142857143,21.08095238095238,13077,0,Affordable,-0.874272081942681,-1.2203949081216485
